AÃ±o,Aglomerado,Sexo,Nivel_Ed,Horas,Cat_Ocup,Ingreso_Imputado
2016,13,2,5,30.0,3.0,5267.14045654449
2016,13,2,4,9.0,3.0,2936.70421169449
2016,13,2,6,6.0,3.0,3115.9230731808852
2016,13,1,1,85.0,2.0,8961.036059294369
2016,13,1,6,30.0,2.0,10843.216069522792
2016,13,2,5,15.0,3.0,3947.745570363163
2016,13,1,3,16.0,3.0,3048.31253606844
2016,13,1,1,16.0,3.0,2775.741496581701
2016,13,2,3,40.0,2.0,4029.114623592763
2016,13,2,3,27.0,3.0,4140.95447483581
2016,13,1,4,40.0,3.0,7469.939719328673
2016,32,1,5,10.0,2.0,4357.757698566696
2016,32,1,6,6.0,3.0,5421.471500664777
2016,32,2,4,20.0,2.0,5108.8415459232665
2016,32,1,3,48.0,3.0,9985.108875394757
2016,32,1,6,40.0,3.0,22978.62609158594
2016,32,1,5,4.0,3.0,2444.5629500714235
2016,32,2,6,64.0,3.0,21392.473936579514
2016,32,1,6,40.0,2.0,16757.582735319596
2016,32,1,6,66.0,1.0,40671.54090358716
2016,32,2,6,44.0,2.0,12026.564187718817
2016,32,2,6,25.0,3.0,11575.344116459695
2016,32,1,5,60.0,2.0,16384.506090435734
2016,32,2,4,119.0,2.0,16092.615911788958
2016,32,1,3,16.0,2.0,3696.89981901073
2016,32,2,5,15.0,3.0,4122.981756939226
2016,32,1,5,42.0,2.0,11381.702228882472
2016,32,1,3,45.0,3.0,8626.217860258412
2016,32,1,4,40.0,1.0,17672.238462146823
2016,32,2,5,16.0,3.0,4758.674123942825
2016,32,1,4,56.0,3.0,14066.743889799634
2016,32,2,6,20.0,3.0,9846.387221763649
2016,32,2,5,40.0,3.0,9049.486316731487
2016,32,2,4,36.0,3.0,6129.989807119345
2016,32,2,5,12.0,3.0,5754.7946392881695
2016,32,1,4,44.0,3.0,13088.115683787337
2016,32,2,6,3.0,3.0,3665.1359937768275
2016,32,2,6,28.0,1.0,15322.610495969717
2016,32,2,4,50.0,3.0,12009.821851529856
2016,32,2,4,30.0,3.0,6380.040079776002
2016,32,2,5,6.0,3.0,2642.3710021013103
2016,13,1,2,50.0,3.0,7712.645152849953
2016,13,1,6,8.0,2.0,3448.186428553717
2016,13,1,4,24.0,3.0,5554.8231162887805
2016,13,1,1,30.0,2.0,4571.130434020209
2016,13,2,2,6.0,3.0,1231.1739389449071
2016,13,2,3,6.0,3.0,1951.1331026150178
2016,13,2,1,15.0,3.0,2848.8278840911357
2016,13,2,4,70.0,1.0,12374.248573075582
2016,13,1,6,40.0,3.0,17884.1945592543
2016,13,1,1,24.0,2.0,4031.5607358899065
2016,13,1,1,15.0,2.0,2806.934785959112
2016,13,2,2,5.0,3.0,1513.4199524106614
2016,13,1,2,114.0,2.0,10838.401887833768
2016,13,1,3,9.0,3.0,1984.5787153348338
2016,13,2,3,18.0,3.0,3487.079916330049
2016,13,1,3,40.0,3.0,5442.086083405523
2016,13,1,3,72.0,3.0,7892.7973080201355
2016,13,2,4,6.0,3.0,2201.087326396996
2016,13,2,6,20.0,3.0,8988.176281001666
2016,13,1,4,30.0,3.0,7774.608572469996
2016,13,1,3,8.0,2.0,2352.0369077751266
2016,13,2,6,45.0,3.0,10572.572282277308
2016,13,2,6,5.0,3.0,2488.210592837863
2016,13,1,6,16.0,3.0,7015.309063663063
2016,32,2,5,8.0,3.0,3269.7145380600873
2016,32,1,5,54.0,2.0,16079.462407608313
2016,32,2,2,4.0,3.0,1735.345581215271
2016,32,2,6,20.0,3.0,8040.701342399204
2016,32,1,1,5.0,3.0,2594.5933480878666
2016,32,2,2,84.0,2.0,8992.076589074817
2016,32,1,5,24.0,3.0,10449.493386231768
2016,32,1,4,48.0,3.0,11578.941413768829
2016,32,2,6,40.0,3.0,12831.740445208037
2016,32,2,5,24.0,3.0,7340.530487376347
2016,32,1,1,40.0,3.0,7621.885715994975
2016,32,1,3,60.0,2.0,11311.76337111494
2016,32,1,3,24.0,3.0,5464.130878000762
2016,32,1,6,2.0,2.0,2660.9114500810733
2016,32,1,5,30.0,3.0,9627.744699039285
2016,32,1,3,66.0,2.0,11999.353176127335
2016,32,2,4,4.0,3.0,1911.6082225510413
2016,32,1,3,35.0,3.0,6936.879793383716
2016,32,1,2,71.0,3.0,14863.15723023986
2016,32,2,5,45.0,3.0,14575.852502529162
2016,32,2,6,45.0,3.0,14985.557569230665
2016,32,1,3,48.0,3.0,8729.02532156974
2016,32,1,5,35.0,3.0,11577.646429666445
2016,32,2,6,30.0,3.0,15541.029703545331
2016,32,1,4,30.0,3.0,8142.365197934568
2016,32,1,6,20.0,3.0,11450.825411458552
2016,32,2,1,40.0,3.0,7865.35715468223
2016,13,2,6,50.0,3.0,13752.051687170822
2016,13,1,5,20.0,2.0,6117.28109641473
2016,13,2,2,35.0,2.0,2986.2402563083197
2016,13,2,4,50.0,2.0,7167.073103348075
2016,13,2,1,35.0,2.0,3978.4999491641424
2016,13,1,3,35.0,2.0,3826.9114570087486
2016,13,2,3,20.0,2.0,3099.517110092691
2016,13,1,3,40.0,3.0,4926.956439385514
2016,13,2,6,15.0,2.0,4802.344652449685
2016,13,1,6,50.0,3.0,20324.837797178545
2016,13,2,6,20.0,3.0,8159.182338539917
2016,13,2,5,20.0,3.0,3810.2117287837737
2016,13,1,5,20.0,3.0,5031.8173306790695
2016,13,1,3,45.0,3.0,5308.035660254012
2016,13,2,3,12.0,3.0,2536.3108629805247
2016,13,2,5,3.0,2.0,1028.9145848122241
2016,13,2,2,84.0,2.0,6518.4810810853405
2016,13,1,5,3.0,3.0,1515.5987719118204
2016,13,1,3,60.0,3.0,9345.77421501453
2016,13,2,3,54.0,3.0,7362.9570437976645
2016,13,1,2,8.0,2.0,1941.0093814494708
2016,13,1,1,8.0,2.0,2000.855725006407
2016,13,1,1,50.0,3.0,4524.949567022815
2016,32,2,5,4.0,3.0,1915.4642686559189
2016,32,2,6,105.0,3.0,34576.49454668428
2016,32,2,4,44.0,2.0,8542.720977628453
2016,32,2,4,48.0,3.0,7106.204447777646
2016,32,2,2,8.0,3.0,2438.121433776023
2016,32,2,5,25.0,3.0,7332.699308803372
2017,13,1,3,70.0,2.0,6563.214211053562
2017,13,2,6,44.0,2.0,9928.221024339618
2017,13,1,6,25.0,3.0,9753.207424773851
2017,13,1,3,20.0,3.0,3604.1420441026885
2017,13,1,6,6.0,2.0,3082.1270987893
2017,13,1,4,50.0,2.0,9458.479620669184
2017,13,1,3,24.0,3.0,4194.115990596895
2017,13,2,5,48.0,3.0,13391.222581120806
2017,13,2,4,24.0,3.0,5577.330857790896
2017,13,1,4,44.0,1.0,15114.332571379362
2017,13,1,3,54.0,3.0,12708.91672343551
2017,13,2,2,50.0,3.0,8155.607925708237
2017,13,2,4,84.0,2.0,12102.833400405681
2017,13,1,4,36.0,3.0,7326.214597816832
2017,13,1,3,30.0,3.0,5003.106983966317
2017,32,2,6,2.0,3.0,2611.237166993675
2017,32,1,3,48.0,3.0,10632.939748803103
2017,32,2,6,8.0,2.0,6173.656095326091
2017,32,2,4,48.0,3.0,14256.414871887811
2017,32,1,6,4.0,3.0,5757.62114029447
2017,32,2,4,19.0,3.0,8533.644413319666
2017,32,1,4,40.0,3.0,10529.620412423228
2017,32,1,4,40.0,1.0,21526.784477318506
2017,32,2,3,36.0,3.0,6945.438181432367
2017,32,2,6,60.0,3.0,21338.439383459478
2017,32,2,7,72.0,3.0,12834.07916658051
2017,32,1,5,20.0,2.0,9252.351485253952
2017,32,1,6,40.0,1.0,35122.29878163661
2017,32,2,6,2.0,3.0,2885.105282030248
2017,32,2,5,25.0,3.0,8437.962282514596
2017,32,2,5,24.0,3.0,7003.43429109479
2017,13,1,4,60.0,3.0,11108.935429295992
2017,13,2,3,6.0,3.0,1711.9641754998447
2017,13,2,6,20.0,2.0,6180.915802486216
2017,13,1,4,15.0,3.0,4622.278339764156
2017,13,1,2,8.0,3.0,3384.313801632633
2017,13,1,4,24.0,2.0,7002.181195787135
2017,13,2,5,8.0,2.0,3315.2218247783658
2017,13,2,4,65.0,1.0,16653.971396296405
2017,13,2,4,24.0,3.0,4441.920932325199
2017,13,2,2,9.0,2.0,2026.2747380014969
2017,13,1,3,40.0,3.0,5793.816153305121
2017,13,2,4,20.0,3.0,6587.142300080407
2017,13,1,3,40.0,3.0,7046.590011713272
2017,13,1,5,12.0,2.0,5238.40807159274
2017,13,1,3,8.0,2.0,2212.3049641524613
2017,13,1,3,20.0,3.0,3737.2877379839083
2017,32,1,7,42.0,2.0,7011.448750710939
2017,32,1,6,50.0,2.0,24693.33961716179
2017,32,2,5,40.0,2.0,11662.911222377765
2017,32,2,5,30.0,3.0,13864.873273136265
2017,32,2,6,18.0,2.0,7391.028880027903
2017,32,2,4,35.0,3.0,7335.146395663975
2017,32,1,6,8.0,2.0,7837.118857749977
2017,32,2,6,8.0,2.0,5958.606868424554
2017,32,1,5,12.0,3.0,7553.677300413455
2017,32,2,6,35.0,2.0,15525.303259410479
2017,32,1,4,40.0,3.0,17470.760362637808
2017,32,2,4,40.0,3.0,9586.674340546362
2017,32,2,5,40.0,3.0,13306.180158488809
2017,32,1,6,25.0,2.0,10851.658246109439
2017,32,1,3,15.0,3.0,4039.855342609204
2017,32,2,5,28.0,2.0,9034.26427781117
2017,32,2,5,4.0,3.0,2333.2520423873566
2017,32,2,4,40.0,3.0,10984.644425256913
2017,32,1,2,60.0,3.0,10901.30291343039
2017,32,1,2,40.0,3.0,9722.706573475378
2017,32,1,4,6.0,2.0,2352.592926045315
2017,32,1,4,68.0,3.0,21565.311826763907
2017,32,2,4,40.0,3.0,13544.353991479518
2017,32,1,3,6.0,3.0,4197.855949877121
2017,32,2,6,15.0,2.0,9034.834708434384
2017,32,1,6,40.0,3.0,22699.812061283465
2017,32,1,4,32.0,3.0,13264.331657119621
2017,32,2,4,20.0,3.0,8519.599095273614
2017,32,2,6,30.0,3.0,14124.688026240437
2017,32,1,3,40.0,3.0,11353.77144270862
2017,32,2,5,10.0,2.0,5211.871138129188
2017,32,1,4,40.0,3.0,16598.570364265237
2017,13,2,6,6.0,3.0,4252.074586074993
2017,13,2,6,9.0,3.0,5708.762270341742
2017,13,2,4,2.0,3.0,1505.2911341549645
2017,13,2,4,30.0,3.0,6422.796310531906
2017,13,1,3,5.0,3.0,2791.7200208193017
2017,13,1,2,30.0,3.0,3930.865819187929
2017,13,2,5,36.0,2.0,5340.981745683403
2017,13,2,6,35.0,2.0,11597.46285226151
2017,13,1,1,60.0,3.0,9752.06109113775
2017,13,2,6,30.0,3.0,11027.526514856183
2017,13,1,4,16.0,3.0,6363.363754779252
2017,13,2,2,4.0,3.0,1618.942209298499
2017,13,2,4,1.0,2.0,684.3503188699118
2017,13,1,4,25.0,3.0,6759.183910773318
2017,13,2,5,4.0,3.0,1676.9596763103714
2017,32,2,4,72.0,3.0,17057.732607660593
2017,32,1,6,20.0,3.0,18916.70475015469
2017,32,1,2,72.0,3.0,18003.27657334364
2017,32,2,4,30.0,1.0,12795.154776214504
2017,32,2,6,8.0,2.0,6140.860942358211
2017,32,1,3,48.0,3.0,9686.90007054815
2017,32,1,5,4.0,3.0,4539.436468986478
2017,32,1,4,24.0,2.0,9328.241197809293
2017,32,2,4,25.0,2.0,7517.762050488369
2017,32,1,4,60.0,3.0,21211.446871494732
2017,32,1,4,6.0,3.0,4263.081215981703
2017,32,2,6,10.0,2.0,7100.450493137336
2017,32,1,5,48.0,3.0,16747.213049570128
2017,32,2,2,12.0,3.0,4608.032618739163
2017,32,2,5,12.0,3.0,5614.737563173907
2017,32,2,6,4.0,3.0,5355.55181905849
2017,32,2,5,40.0,3.0,12352.057927663509
2017,32,2,5,45.0,3.0,11875.902861477514
2017,32,2,5,32.0,2.0,7650.201325048827
2017,32,2,5,8.0,2.0,3771.397349707261
2017,32,1,6,7.0,1.0,12027.65794550739
2017,32,2,2,46.0,3.0,10764.285598082794
2017,32,2,4,20.0,3.0,6352.390836685046
2017,32,1,5,8.0,3.0,5237.9469327755005
2017,32,1,3,6.0,3.0,3148.353612265825
2017,32,1,4,35.0,3.0,9361.295538429667
2017,32,1,4,8.0,3.0,3680.468155376593
2017,32,2,5,4.0,3.0,2411.8884412067587
2017,32,2,3,21.0,3.0,4352.840121077517
2017,32,2,6,8.0,3.0,7546.164315790213
2017,32,1,5,15.0,2.0,8263.774451345185
2017,32,2,5,30.0,3.0,8065.082218147778
2017,32,1,4,60.0,1.0,21053.160332074745
2017,32,1,2,6.0,3.0,3716.4516114214744
2017,32,2,6,35.0,3.0,17789.223032470552
2017,32,2,3,48.0,3.0,7590.277418969045
2017,32,2,5,40.0,3.0,11023.297472359736
2017,32,2,5,9.0,3.0,3765.9656245206256
2017,32,1,3,40.0,3.0,11098.769652012023
2017,32,2,4,4.0,3.0,3148.635114553093
2017,32,1,4,35.0,3.0,8733.448377415978
2017,32,2,6,20.0,3.0,13908.776675597228
2017,32,1,5,40.0,2.0,14573.266954820212
2017,32,2,6,40.0,2.0,16893.564320813817
2017,32,1,4,60.0,3.0,21451.236235052274
2017,32,2,6,8.0,3.0,7435.028873388304
2017,32,2,5,32.0,3.0,8401.127789142627
2017,32,2,7,4.0,2.0,1214.9078615832254
2017,32,1,5,16.0,3.0,6676.594107257928
2017,32,2,5,25.0,3.0,8188.438543157597
2017,32,1,2,8.0,2.0,2780.8952849541583
2017,32,2,6,56.0,2.0,20840.00658863299
2017,13,2,1,30.0,3.0,5820.177237921596
2017,13,1,6,20.0,3.0,9569.774711092105
2017,13,2,4,38.0,3.0,5940.25079887766
2017,13,2,5,25.0,3.0,5717.136986279252
2017,13,1,4,45.0,3.0,8436.79266817974
2017,13,2,4,25.0,3.0,5003.261437752887
2017,13,1,3,25.0,3.0,4303.821757568596
2017,13,2,3,42.0,2.0,6101.3229433143115
2017,13,1,4,48.0,3.0,11300.042779727539
2017,13,2,4,35.0,2.0,6886.74523511377
2017,13,1,5,40.0,2.0,11485.472436752974
2017,13,2,6,48.0,3.0,16017.161581320614
2017,13,1,4,16.0,2.0,4600.6339139559595
2017,13,2,3,4.0,3.0,1210.6080930223886
2017,13,1,4,40.0,3.0,8595.889037571773
2017,13,1,4,35.0,3.0,9036.425125255031
2017,13,2,4,20.0,2.0,4460.817055957421
2018,13,1,3,50.0,3.0,10259.13095043885
2018,13,1,4,27.0,3.0,10378.592130292956
2018,13,1,3,40.0,3.0,7587.525276133816
2018,13,2,6,20.0,2.0,10349.931096659155
2018,13,2,4,15.0,3.0,3899.86946310808
2018,13,2,6,6.0,2.0,4415.210566788016
2018,13,2,6,14.0,3.0,8806.770288096122
2018,13,1,6,4.0,2.0,3015.1070121930034
2018,13,1,4,24.0,3.0,7866.840699380119
2018,13,1,2,24.0,3.0,5146.741631175135
2018,13,1,2,40.0,3.0,11479.523864220797
2018,13,1,4,40.0,3.0,9577.684666987105
2018,13,1,3,32.0,3.0,10046.545898894807
2018,13,2,4,40.0,2.0,8808.73139183369
2018,13,1,2,42.0,3.0,10637.259189404454
2018,13,2,3,20.0,3.0,6503.876266335218
2018,13,2,4,15.0,3.0,4171.518930959783
2018,13,2,3,40.0,3.0,6980.486029130429
2018,13,2,6,30.0,3.0,15990.2618568815
2018,13,2,4,20.0,3.0,6866.4383216472
2018,13,2,3,40.0,3.0,8898.85508858483
2018,13,1,3,40.0,1.0,16416.644960692196
2018,13,1,3,40.0,3.0,7324.846683085245
2018,13,1,3,72.0,3.0,15482.784560520839
2018,32,1,6,2.0,2.0,3415.3655868306655
2018,32,2,5,1.0,2.0,1544.9774334600677
2018,32,1,3,30.0,1.0,17669.87752069446
2018,32,1,6,55.0,3.0,45144.045714113265
2018,32,2,4,6.0,3.0,4358.6267887401145
2018,32,1,4,21.0,3.0,13635.841742866869
2018,32,1,6,47.0,1.0,49866.52325922248
2018,32,1,4,40.0,3.0,20496.86416762796
2018,32,1,4,60.0,2.0,21223.12178458499
2018,32,1,5,40.0,1.0,32934.38990572309
2018,32,2,5,30.0,3.0,13694.379557675
2018,32,2,4,14.0,3.0,6238.995761219383
2018,32,2,3,48.0,3.0,12338.586137426557
2018,32,1,5,20.0,3.0,12014.77965363023
2018,32,1,3,35.0,1.0,14963.876451752347
2018,32,2,6,25.0,2.0,13223.00104869535
2018,32,1,3,8.0,2.0,4637.230322289149
2018,32,1,6,60.0,1.0,59196.09675153528
2018,32,2,5,15.0,3.0,9456.493202537158
2018,32,1,5,35.0,2.0,14482.777485030329
2018,32,2,3,48.0,2.0,9767.354339085952
2018,32,2,5,8.0,2.0,3506.500558952472
2018,32,1,6,30.0,2.0,20969.261140295843
2018,32,2,5,35.0,3.0,15815.078055607992
2018,32,1,6,30.0,3.0,25530.916797853286
2018,32,2,6,2.0,3.0,4124.358240995239
2018,32,2,2,6.0,2.0,2780.092890733013
2018,32,2,6,24.0,3.0,18046.830592551185
2018,13,1,3,40.0,3.0,8908.669192914474
2018,13,2,4,20.0,3.0,7002.252335854927
2018,13,1,4,45.0,3.0,9626.43416223161
2018,13,1,1,32.0,2.0,6661.781091155566
2018,13,1,4,40.0,3.0,8935.324632249733
2018,13,1,5,32.0,3.0,13207.98341085076
2018,13,2,5,30.0,3.0,11350.456633317342
2018,13,1,3,40.0,3.0,8116.042249091798
2018,13,2,1,15.0,2.0,2793.98817474512
2018,13,2,6,30.0,2.0,11861.244797860687
2018,13,1,1,30.0,3.0,9645.42610787016
2018,13,2,6,30.0,3.0,11549.683077573474
2018,13,1,6,40.0,3.0,24080.312600505615
2018,13,2,1,16.0,3.0,3642.206645841366
2018,13,1,2,30.0,3.0,9800.965903544273
2018,13,1,2,35.0,3.0,9927.233550121766
2018,13,1,3,40.0,3.0,7587.525276133816
2018,13,1,1,40.0,3.0,6274.687014089201
2018,13,1,2,40.0,2.0,8273.002434512264
2018,13,2,3,3.0,3.0,1316.1348231376699
2018,13,2,4,28.0,3.0,7389.4110732996705
2018,13,1,4,18.0,3.0,5585.488240325433
2018,13,1,4,72.0,3.0,18462.714672755716
2018,13,2,5,16.0,3.0,5805.625167857118
2018,13,1,4,48.0,3.0,13608.937569450462
2018,13,1,4,15.0,3.0,5150.220551684971
2018,32,1,6,20.0,2.0,17243.12294438844
2018,32,2,3,8.0,3.0,3879.261643062464
2018,32,2,5,4.0,3.0,3049.2360442722843
2018,32,1,5,48.0,1.0,30369.03307537618
2018,32,1,5,25.0,2.0,13686.119116969581
2018,32,2,6,999.0,3.0,172140.18299501028
2018,32,1,5,70.0,2.0,24692.164105854394
2018,32,2,6,60.0,3.0,32218.6142185962
2018,32,1,3,84.0,3.0,28949.74324566188
2018,32,2,5,9.0,2.0,4146.651671322737
2018,32,2,5,33.0,2.0,13874.28141617785
2018,32,1,5,40.0,2.0,12789.621984468005
2018,32,1,5,35.0,3.0,22466.645606127913
2018,32,2,2,35.0,3.0,10798.67669795843
2018,32,2,2,40.0,3.0,10783.238800113746
2018,32,2,6,40.0,3.0,20320.642250708486
2018,32,1,4,40.0,1.0,25108.666486507405
2018,32,1,5,34.0,3.0,22058.467226718738
2018,32,2,5,5.0,3.0,3511.4685706219866
2018,32,1,4,45.0,3.0,22355.150071504628
2018,32,1,5,48.0,3.0,22365.788803219122
2018,32,2,6,48.0,3.0,22804.54077343036
2018,32,2,5,40.0,1.0,24821.129679576676
2018,32,2,4,40.0,3.0,17306.867353849004
2018,13,1,6,49.0,3.0,24824.413109487137
2018,13,1,1,24.0,3.0,7894.877090717555
2018,13,1,1,32.0,3.0,7580.461946816838
2018,13,1,5,16.0,1.0,9407.625160639349
2018,13,1,2,8.0,3.0,2235.8473717009347
2018,13,1,1,24.0,3.0,7301.02696575436
2018,13,1,3,60.0,3.0,16349.402184555953
2018,13,1,5,30.0,3.0,11697.026996837358
2018,13,1,1,40.0,3.0,6952.4492606479525
2018,13,2,4,16.0,3.0,4628.657626319859
2018,13,1,6,30.0,1.0,24544.93300601526
2018,13,2,6,8.0,3.0,6181.440479588529
2018,13,2,4,30.0,3.0,9218.762095711945
2018,13,2,5,2.0,3.0,1605.6872386753214
2018,13,1,3,8.0,3.0,2552.2887858473127
2018,13,1,3,34.0,2.0,9040.345206802005
2018,13,1,5,56.0,2.0,17964.367397974376
2018,13,2,5,20.0,3.0,7292.8472229890795
2018,32,1,4,40.0,3.0,15889.35923112735
2018,32,1,4,50.0,3.0,21853.172764484407
2018,32,1,6,48.0,3.0,29896.882983306197
2018,32,2,6,4.0,2.0,5007.891573813267
2018,32,1,2,4.0,3.0,3657.6115107552746
2018,32,2,4,4.0,3.0,3990.8909481791147
2018,32,1,6,45.0,3.0,26394.036531256545
2018,32,2,2,999.0,3.0,71214.80952741107
2018,32,1,6,20.0,2.0,17783.17684527273
2018,32,2,4,60.0,3.0,16090.178249841902
2018,32,1,4,30.0,3.0,11459.417644739202
2018,32,1,5,50.0,1.0,36479.29652146638
2018,32,2,5,20.0,1.0,14550.88793599516
2018,32,2,5,20.0,3.0,9414.313148135718
2018,32,1,4,20.0,3.0,14060.39180427616
2018,32,1,4,40.0,3.0,20496.86416762796
2018,32,1,4,72.0,2.0,22926.014781736743
2018,32,1,5,40.0,1.0,30340.685633482288
2018,32,2,4,30.0,3.0,14088.954113934153
2018,32,1,4,8.0,2.0,4370.099978564938
2018,32,1,5,40.0,2.0,14783.423284435074
2018,32,1,6,40.0,3.0,28698.29464452359
2018,32,2,4,20.0,3.0,10863.716764909477
2018,32,2,5,20.0,3.0,8439.274908536187
2018,32,2,5,40.0,3.0,20144.393094042727
2018,32,2,5,5.0,3.0,3396.981831416481
2018,32,1,4,40.0,3.0,13312.099160772797
2018,32,1,3,40.0,3.0,11268.789945768398
2018,32,2,6,40.0,3.0,22486.865376626265
2018,32,2,4,12.0,3.0,6886.7379393165365
2018,32,2,3,10.0,3.0,4782.3652429135145
2018,32,2,7,24.0,3.0,7528.390158636871
2018,32,2,6,30.0,2.0,13760.082728778485
2018,32,2,5,56.0,3.0,17241.4819521883
2018,13,1,5,30.0,2.0,8922.378056474114
2018,13,2,6,36.0,2.0,15010.771062038353
2018,13,2,3,30.0,3.0,7418.354826053499
2018,13,1,5,20.0,3.0,7488.549555937566
2018,13,2,3,20.0,3.0,3439.544199826538
2018,13,1,5,40.0,3.0,13630.712699211717
2018,13,1,2,30.0,2.0,6483.691716727721
2018,13,1,5,30.0,3.0,10351.981762312033
2018,13,2,6,24.0,2.0,9689.155021169405
2018,13,2,2,25.0,3.0,3469.8522039181985
2018,13,1,3,50.0,3.0,15419.797540294516
2018,13,1,6,12.0,1.0,15883.017637146371
2018,13,1,4,42.0,1.0,12581.318456794388
2018,13,1,3,12.0,1.0,7777.519529007646
2018,13,1,3,48.0,3.0,12242.770633878166
2018,13,2,6,25.0,3.0,12708.47233143431
2018,13,1,1,5.0,3.0,1447.5409046643354
2018,13,2,1,12.0,3.0,3419.2410842655154
2018,13,2,6,40.0,3.0,19761.383618264885
2018,13,1,3,27.0,3.0,9616.741265566494
2018,13,1,1,28.0,2.0,4115.604022409697
2018,13,2,3,40.0,3.0,10469.900473146865
2018,13,1,3,44.0,3.0,14319.61730962564
2018,13,1,6,6.0,3.0,7548.667147568148
2018,13,2,2,60.0,3.0,10709.931391872718
2018,13,1,3,34.0,3.0,11126.357108436201
2018,13,2,4,16.0,3.0,4062.364255484364
2018,32,1,2,44.0,1.0,20200.56302731442
2018,32,2,4,24.0,3.0,11558.589722059422
2018,32,2,5,8.0,3.0,5642.337483591852
2018,32,1,2,40.0,1.0,18758.643061703006
2018,32,1,4,40.0,3.0,22087.452847505872
2018,32,1,6,45.0,1.0,45015.018466561756
2018,32,2,6,20.0,2.0,12340.679558844735
2018,32,2,2,40.0,3.0,12265.32248257468
2018,32,2,3,4.0,3.0,2378.7300177672396
2018,32,2,6,40.0,1.0,30717.97417061691
2018,32,1,1,2.0,3.0,1928.4510079354582
2018,32,1,4,40.0,2.0,16210.409580563333
2018,32,1,4,27.0,3.0,17128.290163384874
2018,32,2,4,20.0,3.0,9760.714213628638
2019,13,2,5,35.0,3.0,16050.488693262205
2019,13,1,3,32.0,3.0,14183.110373603799
2019,13,2,5,40.0,2.0,9849.289937791324
2019,13,2,5,40.0,2.0,9849.289937791324
2019,13,1,1,18.0,3.0,5725.2491456129155
2019,13,2,3,4.0,3.0,2414.1378955102923
2019,13,1,2,16.0,2.0,5640.918079882717
2019,13,1,4,32.0,3.0,12496.769830610296
2019,13,2,6,1.0,3.0,2577.774939989152
2019,13,1,4,24.0,3.0,11050.735521828137
2019,13,2,6,30.0,3.0,23063.293441010253
2019,13,1,1,12.0,3.0,4574.622747053507
2019,13,1,3,40.0,3.0,16066.52911063793
2019,13,2,5,30.0,3.0,12507.073163037068
2019,13,2,5,70.0,1.0,31331.13114896832
2019,13,1,4,70.0,2.0,23648.991301125345
2019,13,2,6,10.0,2.0,8992.967343071054
2019,13,1,2,50.0,1.0,22868.32854819525
2019,13,2,3,8.0,3.0,4624.107945499446
2019,13,1,2,36.0,2.0,11151.763683200777
2019,13,1,3,16.0,3.0,6406.019978282174
2019,13,1,6,4.0,3.0,7323.990281624061
2019,13,1,6,84.0,2.0,43005.742489845674
2019,13,1,5,40.0,3.0,19147.38161977551
2019,13,1,1,40.0,3.0,8562.477359253819
2019,32,1,6,25.0,3.0,25238.44605285668
2019,32,1,4,50.0,3.0,20919.517002648405
2019,32,1,6,4.0,2.0,7506.062619490823
2019,32,2,6,45.0,3.0,42659.57943484902
2019,32,1,4,72.0,2.0,31793.168013900024
2019,32,1,5,15.0,3.0,13844.112966397766
2019,32,2,6,6.0,3.0,9242.63209859769
2019,32,1,6,24.0,1.0,44725.792673764125
2019,32,2,4,17.0,2.0,10196.432572256283
2019,32,1,5,40.0,2.0,16654.9790399316
2019,32,2,4,15.0,3.0,10618.495008641035
2019,32,2,6,4.0,3.0,7243.121806437937
2019,32,1,3,15.0,3.0,10188.852904695217
2019,32,1,6,25.0,2.0,25498.028111370488
2019,32,1,6,48.0,1.0,52304.35545452343
2019,32,1,6,50.0,1.0,70306.30803152075
2019,32,2,6,48.0,3.0,44360.22671690163
2019,32,1,3,30.0,3.0,12414.109822882196
2019,32,2,5,7.0,2.0,6100.578435148048
2019,32,2,5,12.0,3.0,7523.890546019069
2019,13,2,4,30.0,3.0,12109.34167929315
2019,13,2,5,35.0,3.0,11804.659638859674
2019,13,1,4,42.0,3.0,13479.401396326282
2019,13,2,5,9.0,3.0,7567.461187299596
2019,13,2,6,16.0,2.0,10875.72593462245
2019,13,2,6,28.0,3.0,17349.110266980602
2019,13,2,3,36.0,3.0,8383.481340840874
2019,13,2,6,25.0,3.0,18091.403472255108
2019,13,2,4,6.0,3.0,4003.605312185146
2019,13,2,5,8.0,3.0,4954.030496587482
2019,13,1,3,42.0,2.0,7921.089419569419
2019,13,2,2,42.0,2.0,5248.902127955159
2019,13,1,2,7.0,2.0,3858.4302160968527
2019,13,1,4,20.0,3.0,14377.782898187661
2019,13,1,5,54.0,2.0,25131.005964596017
2019,13,1,6,20.0,3.0,16977.484644608274
2019,13,1,4,50.0,3.0,17077.71408950333
2019,13,2,6,18.0,3.0,11409.146649685177
2019,32,2,6,24.0,3.0,20620.440349731405
2019,32,1,4,42.0,2.0,19810.777644382106
2019,32,1,4,999.0,3.0,186921.28837765421
2019,32,1,5,4.0,2.0,6485.234751958951
2019,32,1,6,45.0,3.0,34952.3753783996
2019,32,2,6,36.0,3.0,29366.958275118708
2019,32,1,4,40.0,3.0,27970.149742439506
2019,32,1,4,42.0,2.0,21800.333004186086
2019,32,2,1,48.0,3.0,18683.329709133053
2019,32,2,6,7.0,2.0,9050.710099132726
2019,32,2,6,40.0,2.0,23568.80267951801
2019,32,1,5,60.0,3.0,48215.70730846639
2019,32,1,3,12.0,3.0,9055.143800377611
2019,32,2,4,20.0,2.0,11334.52654496835
2019,32,2,5,8.0,2.0,7056.654211028305
2019,32,2,5,8.0,2.0,4473.393810770018
2019,32,1,5,5.0,2.0,5414.4937587957575
2019,32,2,3,8.0,2.0,3732.8057384807935
2019,32,1,5,40.0,3.0,34123.96878419691
2019,32,2,6,42.0,3.0,29378.181671266615
2019,32,2,4,20.0,3.0,11682.517799873975
2019,32,2,6,22.0,2.0,20010.010404221695
2019,32,2,2,72.0,3.0,24654.671272964944
2019,32,2,4,4.0,3.0,3641.4387696959548
2019,32,1,6,47.0,2.0,41636.562319196666
2019,32,2,6,72.0,3.0,47493.99297695163
2019,32,1,3,15.0,3.0,6969.586481316555
2019,32,2,5,16.0,2.0,11693.578181202347
2019,32,1,1,18.0,3.0,9794.961252346824
2019,32,1,2,14.0,2.0,8296.672365543001
2019,32,2,6,56.0,2.0,36477.76329904435
2019,32,2,6,10.0,2.0,12249.746481334447
2019,32,1,4,8.0,3.0,7834.290344548251
2019,13,1,3,30.0,3.0,9834.610910307307
2019,13,2,6,44.0,1.0,36207.37233824682
2019,13,1,4,48.0,3.0,25232.337675935123
2019,13,2,5,9.0,3.0,5000.065426258901
2019,13,2,3,28.0,3.0,5806.808434952543
2019,13,1,6,45.0,1.0,43620.63205219396
2019,13,1,6,16.0,3.0,13515.285474367509
2019,13,2,5,32.0,3.0,17003.958795080616
2019,13,2,4,20.0,3.0,6605.9085649304
2019,13,2,3,24.0,3.0,6077.21585748337
2019,13,1,2,40.0,3.0,14740.655796206289
2019,13,2,1,15.0,3.0,6595.078221836035
2019,13,1,6,84.0,3.0,54240.24688431574
2019,13,2,5,40.0,3.0,13277.925537633031
2019,13,2,4,30.0,2.0,7813.476218659594
2019,32,2,5,20.0,3.0,12267.174695142796
2019,32,2,6,5.0,3.0,10155.496523434895
2019,32,1,6,55.0,3.0,53105.47396611785
2019,32,1,6,11.0,3.0,22385.220289102268
2019,32,1,3,10.0,3.0,5592.165382534016
2019,32,1,6,32.0,1.0,53360.293231423086
2019,32,1,5,20.0,3.0,14697.37153578564
2019,32,2,6,40.0,3.0,31390.743171820694
2019,32,2,6,20.0,3.0,21123.455619993496
2019,32,2,3,74.0,3.0,24979.135825360037
2019,32,2,4,25.0,2.0,11290.68540674804
2019,32,2,6,30.0,3.0,32898.3871361134
2019,32,2,5,48.0,3.0,29547.594736440737
2019,32,1,6,36.0,3.0,43872.03572393744
2019,32,1,6,999.0,3.0,358991.1635387838
2019,32,1,4,2.0,2.0,3374.116475341409
2019,32,1,6,6.0,3.0,14461.285018888957
2019,32,2,5,9.0,3.0,11544.28432199279
2019,32,1,6,40.0,3.0,50728.432386365675
2019,32,2,6,30.0,2.0,24080.548474221556
2019,32,1,4,49.0,2.0,21839.70955528167
2019,32,2,6,46.0,2.0,31746.98950277666
2019,32,2,6,15.0,2.0,12239.855052442661
2019,13,2,2,12.0,3.0,5316.380784741715
2019,13,1,3,12.0,3.0,5171.532042807528
2019,13,1,3,12.0,3.0,4501.1016664370445
2019,13,1,5,20.0,2.0,9931.34669505536
2019,13,2,5,15.0,2.0,5984.421980490992
2019,13,1,3,18.0,3.0,11122.719485881
2019,13,2,6,23.0,3.0,19715.802107024454
2019,13,2,6,15.0,3.0,15746.13046909866
2019,13,1,3,20.0,3.0,6911.112009028818
2019,13,2,1,3.0,3.0,1857.1336077465382
2019,13,1,2,40.0,3.0,11273.179915891818
2019,13,1,5,30.0,2.0,17098.63354393007
2019,32,1,6,40.0,3.0,50716.607659495996
2019,32,1,6,48.0,2.0,40936.93924670624
2019,32,2,4,18.0,3.0,12019.681009374468
2019,32,2,6,10.0,2.0,11275.361163657542
2019,32,2,5,30.0,3.0,21590.591580114855
2019,32,2,5,20.0,3.0,11140.814447956875
2019,32,1,4,45.0,3.0,23971.391592987267
2019,32,1,5,16.0,2.0,11299.948527724737
2019,32,1,4,40.0,1.0,33522.2342978847
2019,32,1,5,28.0,3.0,18776.361803039235
2019,32,2,6,37.0,2.0,26433.38447556886
2019,32,2,4,22.0,3.0,15201.144909826151
2019,32,2,5,24.0,3.0,14186.162716869772
2019,32,2,6,25.0,2.0,21869.206015632528
2019,32,1,4,40.0,3.0,29970.262302290706
2019,32,2,6,15.0,2.0,13703.504927722275
2019,32,2,5,2.0,3.0,4418.915158280121
2020,32,1,6,24.0,3.0,45189.90821780873
2020,13,1,6,40.0,2.0,36181.906940310386
2020,32,2,4,8.0,3.0,10146.807090384049
2020,13,1,6,60.0,3.0,63949.846808747054
2020,13,1,5,22.0,2.0,13591.90171530093
2020,32,2,6,48.0,2.0,47312.340140980814
2020,32,2,5,40.0,3.0,24833.10897588638
2020,13,1,5,40.0,3.0,28310.387096796683
2020,32,1,5,60.0,2.0,51424.39778034274
2020,13,2,4,12.0,2.0,8439.68634598519
2020,32,2,6,3.0,3.0,8681.709209949167
2020,32,2,6,15.0,2.0,21470.400859205613
2020,13,1,4,8.0,2.0,8115.326245059412
2020,13,2,4,16.0,3.0,8247.850804160425
2020,13,1,3,40.0,3.0,14371.823872731473
2020,32,2,3,3.0,2.0,3811.5778103420885
2020,32,2,6,36.0,3.0,44049.044110705996
2020,13,2,3,15.0,3.0,11172.655991980211
2020,32,2,6,24.0,3.0,41371.94868675203
2020,32,1,6,20.0,2.0,34649.80603015178
2020,32,1,5,16.0,2.0,21978.084527419407
2020,32,2,3,11.5,3.0,12631.205427083509
2020,13,1,2,13.0,2.0,7880.38318222559
2020,13,1,6,60.0,2.0,50587.97773462725
2020,13,1,4,16.0,3.0,17862.254750463773
2020,13,1,3,36.0,3.0,23942.967281505003
2020,13,1,5,5.0,2.0,6090.726991613471
2020,13,2,6,24.0,3.0,20873.997186077428
2020,13,2,6,25.0,1.0,36409.16832624322
2020,13,2,5,21.0,2.0,15543.258215549486
2020,13,1,6,16.0,3.0,21197.350675126847
2020,13,2,5,10.0,2.0,6467.896861591839
2020,13,1,4,40.0,3.0,20691.95335610769
2020,13,1,2,40.0,3.0,23215.610591615332
2020,13,2,6,45.0,3.0,45755.481706862156
2020,13,1,1,24.0,2.0,10051.071617212458
2020,13,1,1,40.0,3.0,14530.589135071885
2020,13,1,3,18.0,2.0,8054.406199428747
2020,13,2,3,9.0,2.0,5995.926662793549
2020,13,2,4,42.0,2.0,19287.109981079757
2020,13,1,2,12.0,2.0,8035.605743747971
2020,13,2,4,10.0,2.0,7812.805358881229
2020,13,2,1,30.0,2.0,8095.73699540797
2020,13,1,3,40.0,3.0,19504.816615293203
2020,13,2,6,35.0,3.0,30848.633511671327
2020,13,1,6,20.0,2.0,18107.31341320991
2020,13,1,1,60.0,3.0,21593.20173165174
2020,13,2,5,3.0,3.0,3709.26115666079
2020,13,2,6,28.0,3.0,32997.79156517923
2020,13,1,1,40.0,3.0,17942.807765196518
2020,13,1,2,24.0,3.0,12679.475800018643
2020,13,1,6,15.0,2.0,21579.947025960664
2020,13,1,1,36.0,3.0,13593.79109015848
2020,13,1,4,48.0,3.0,21089.08720900873
2020,13,1,4,48.0,2.0,22627.941299038645
2020,13,1,5,24.0,3.0,20493.754734507525
2020,13,1,5,9.0,2.0,11306.860873407108
2020,32,2,5,12.0,2.0,14406.37831073759
2020,32,1,6,4.0,3.0,12675.652161644695
2020,32,1,6,10.0,1.0,31416.91459182506
2020,32,1,5,35.0,3.0,30107.356746144815
2020,32,1,6,40.0,3.0,72879.54304976645
2020,32,1,6,44.0,2.0,42260.65572241912
2020,32,2,5,72.0,2.0,27616.38903599701
2020,32,2,6,18.0,3.0,24715.95420890908
2020,32,1,4,40.0,3.0,41978.106826271774
2020,32,2,5,72.0,1.0,71122.47324488153
2020,32,2,3,22.0,3.0,17595.6086076623
2020,32,2,3,6.0,3.0,6646.905910886599
2020,32,1,5,48.0,2.0,45354.33542107008
2020,32,1,3,40.0,3.0,29380.47863943571
2020,32,2,6,40.0,2.0,42090.27970379639
2020,32,1,4,13.0,3.0,14082.630463262558
2020,32,2,6,12.0,2.0,18193.671199614062
2020,32,1,4,40.0,1.0,45034.38674948975
2020,32,1,6,35.0,3.0,66067.37799576197
2020,32,1,5,7.0,2.0,13439.872085181156
2020,13,1,3,12.0,3.0,8639.8783669883
2020,13,1,2,40.0,3.0,23234.42293132353
2020,13,2,2,25.0,3.0,13367.734408811235
2020,13,2,2,4.0,3.0,4231.807182383757
2020,13,1,5,20.0,2.0,13172.915052374487
2020,13,1,6,50.0,2.0,31436.160564365393
2020,13,2,5,25.0,2.0,16103.126914908666
2020,13,1,5,40.0,2.0,29181.345082682037
2020,13,1,4,44.0,2.0,25485.114496188788
2020,13,1,2,40.0,3.0,23215.610591615332
2020,13,1,4,24.0,3.0,15889.021915304751
2020,13,1,3,44.0,3.0,15264.890073819693
2020,13,1,4,56.0,1.0,44707.99671135221
2020,13,2,6,6.0,3.0,12117.003864695827
2020,13,2,4,27.0,2.0,14560.844800014838
2020,13,2,5,17.0,3.0,12555.555343392827
2020,32,1,4,20.0,1.0,21134.19206096727
2020,32,1,5,13.0,2.0,11547.509189610506
2020,32,2,6,24.0,3.0,32346.68342461234
2020,32,2,5,4.0,2.0,6646.465800079284
2020,32,1,6,35.0,1.0,82277.43952905353
2020,32,2,5,30.0,2.0,26058.389274250116
2020,32,2,6,29.0,3.0,37634.01387468061
2020,32,1,6,40.0,1.0,82598.58782024503
2020,32,1,6,3.0,2.0,10226.036271705043
2020,32,2,6,6.0,2.0,12749.959534670057
2020,32,1,6,20.0,2.0,33030.869467853685
2020,32,2,5,12.0,3.0,19888.100215713366
2021,13,2,6,18.0,2.0,24963.59787999253
2021,13,1,1,16.0,3.0,13616.495813264884
2021,13,1,4,40.0,3.0,32034.384547112913
2021,13,2,6,40.0,2.0,44712.32236157888
2021,13,2,4,8.0,3.0,12928.26312544363
2021,13,1,4,36.0,2.0,26252.870055544903
2021,13,2,4,20.0,2.0,16111.992098919885
2021,13,1,5,35.0,3.0,35908.6176228381
2021,13,1,2,50.0,2.0,19651.21300896281
2021,32,1,5,10.0,2.0,23896.667468777203
2021,32,1,6,30.0,2.0,63275.21292610721
2021,32,1,5,40.0,2.0,57225.83294524697
2021,32,1,5,35.0,2.0,45981.40437785788
2021,32,2,6,18.0,2.0,36254.60137102119
2021,32,2,6,4.0,3.0,15746.4090100365
2021,32,1,6,45.0,3.0,105553.614062165
2021,32,1,5,6.0,2.0,17298.684062593333
2021,32,1,3,4.0,3.0,8229.487165720548
2021,13,2,3,25.0,3.0,19701.36165614801
2021,13,2,4,4.0,3.0,6009.583321229301
2021,32,1,4,10.0,2.0,14366.081723633479
2021,13,1,6,40.0,3.0,49238.13892496644
2021,32,2,6,72.0,1.0,143914.49199383566
2021,13,1,2,24.0,3.0,14332.113083950468
2021,13,1,3,40.0,3.0,32786.31114580245
2021,13,1,3,48.0,3.0,27840.343711375797
2021,13,1,1,40.0,3.0,26566.017796150274
2021,13,2,4,15.0,3.0,18595.75715260643
2021,13,2,4,14.0,2.0,10103.656907652588
2021,13,2,5,30.0,3.0,25522.67446334383
2021,13,2,3,84.0,2.0,28231.377683363833
2021,13,2,6,36.0,3.0,31677.845170510514
2021,32,2,6,35.0,3.0,52003.68172911358
2021,32,1,6,3.0,3.0,14413.553803977778
2021,32,1,6,54.0,2.0,92325.4048692554
2021,13,1,4,40.0,3.0,41290.07235511877
2021,13,2,3,30.0,3.0,22730.5180921139
2021,13,1,2,48.0,3.0,31672.957269639108
2021,13,1,4,18.0,3.0,17722.100568085
2021,13,1,6,16.0,2.0,28997.298234623522
2021,13,2,5,48.0,3.0,39098.35990003121
2021,13,2,6,13.0,2.0,16164.292045767314
2021,32,1,6,5.0,2.0,18531.98283516485
2021,13,2,4,4.0,2.0,5507.782354530206
2021,13,2,4,25.0,3.0,16047.09232595309
2021,13,2,2,24.0,3.0,16008.59694287281
2021,13,2,3,42.0,3.0,27749.201338387425
2021,32,1,5,30.0,2.0,36101.23703338676
2021,13,1,4,25.0,3.0,21815.0176672552
2021,32,1,3,25.0,3.0,29692.133307155204
2021,32,2,4,30.0,3.0,27360.415882968486
2021,13,1,4,32.0,3.0,28575.64580085153
2021,32,1,4,999.0,3.0,449925.9677060643
2021,13,1,3,45.0,3.0,22763.18978724596
2021,32,1,3,56.0,2.0,44412.32518512156
2021,32,2,4,45.0,3.0,45396.53859281382
2021,32,2,6,32.5,3.0,50974.6172104217
2021,13,1,6,40.0,1.0,87695.602655813
2021,13,2,6,24.0,3.0,39267.19030001449
2021,32,1,5,40.0,2.0,42834.143751129755
2021,13,1,5,30.0,3.0,47941.072383915256
2021,13,2,6,21.0,3.0,38203.24525673025
2021,13,2,4,16.0,3.0,14059.934557521741
2021,13,1,3,40.0,3.0,34337.99672656078
2021,13,1,3,40.0,3.0,20397.474462033068
2021,32,2,6,56.0,3.0,95950.90404224055
2021,13,1,5,51.0,2.0,49629.42180075787
2021,13,2,5,30.0,3.0,23324.73527707619
2021,13,1,3,36.0,3.0,34883.187183863105
2021,32,1,6,40.0,1.0,127522.85977950806
2021,32,1,4,30.0,1.0,60023.7597481726
2021,13,2,5,7.0,3.0,8997.159769228614
2021,13,1,5,18.0,3.0,29200.75563121437
2021,32,1,4,44.0,3.0,43219.001739656575
2021,32,2,3,5.0,3.0,9840.151667562903
2021,13,1,2,48.0,3.0,26520.288261891612
2021,13,2,2,12.0,3.0,11861.344911065784
2021,32,2,5,24.0,3.0,23802.421093733865
2021,13,2,3,12.0,3.0,8808.350504858166
2021,13,2,1,4.0,3.0,3190.953628406028
2021,13,1,1,35.0,3.0,23403.117788586947
2021,32,1,6,16.0,2.0,37810.09440542036
2021,32,2,6,43.0,3.0,60849.81363229734
2021,13,2,6,14.0,3.0,25061.485618777853
2021,32,2,5,28.0,3.0,26240.1594087384
2021,32,2,4,6.0,3.0,13470.927229577972
2021,32,1,5,25.0,2.0,41679.476397521714
2021,13,1,4,45.0,3.0,43088.31014802479
2021,13,1,6,14.0,2.0,26648.719017894644
2021,13,1,3,18.0,2.0,12075.5212270862
2021,32,2,6,12.0,3.0,27143.150325033228
2021,13,1,2,20.0,3.0,14839.140770443453
2021,32,1,5,35.0,3.0,66605.95763240774
2021,13,1,6,30.0,3.0,48383.65069644311
2021,13,1,3,10.0,2.0,10873.176541217304
2021,13,1,3,48.0,3.0,24536.38049387394
2022,13,1,3,40.0,3.0,47942.5868860483
2022,32,1,6,50.0,2.0,145668.02684127796
2022,32,1,4,8.0,3.0,32055.761469723606
2022,13,2,6,45.0,1.0,128072.97507481616
2022,32,2,6,20.0,3.0,61859.99940969776
2022,32,1,5,6.0,2.0,28216.505046719445
2022,32,2,6,70.0,2.0,104002.58669103988
2022,32,1,4,12.0,2.0,28473.676609352464
2022,32,1,4,45.0,3.0,80702.89676284094
2022,32,1,6,25.0,3.0,125664.21261052898
2022,13,2,3,63.0,3.0,53433.72998961172
2022,13,1,3,45.0,3.0,41480.615338792646
2022,13,1,3,40.0,3.0,62088.0760142897
2022,13,1,3,12.0,3.0,21325.50488225017
2022,32,2,4,75.0,1.0,129594.60241919904
2022,32,1,4,40.0,1.0,124063.08316977043
2022,13,1,4,48.0,3.0,54371.99769624284
2022,13,1,3,60.0,3.0,71063.52436077376
2022,32,1,6,40.0,2.0,112170.24424316431
2022,32,2,6,40.0,2.0,80109.57954620113
2022,13,2,6,20.0,2.0,46163.80011121962
2022,13,2,5,12.0,2.0,16995.615020280522
2022,32,1,6,18.0,2.0,62412.49029274292
2022,32,2,2,4.0,3.0,12949.951288486604
2022,13,2,6,15.0,2.0,38892.30019002132
2022,13,1,3,44.0,3.0,42185.323804352534
2022,13,2,3,18.0,3.0,26000.824771071893
2022,32,1,6,40.0,3.0,102538.13552138922
2022,32,1,4,8.0,3.0,24255.16500533993
2022,13,2,5,20.0,3.0,33504.28552996288
2022,13,2,4,4.0,3.0,13781.896966343027
2022,13,1,6,40.0,3.0,88608.91071711139
2022,13,1,6,40.0,3.0,98054.80662874746
2022,13,2,4,48.0,3.0,37391.417010815734
2022,13,2,5,28.0,3.0,40308.734311917244
2022,13,1,2,15.0,2.0,21036.191090818356
2022,13,1,1,40.0,3.0,35059.813931556535
2022,32,2,5,9.0,2.0,23599.04752784962
2022,32,1,3,35.0,2.0,45939.15488590795
2022,13,1,2,4.0,3.0,11866.251765247329
2022,13,2,4,16.0,3.0,24792.67083854481
2022,13,1,6,18.0,2.0,53548.91482120248
2022,32,1,6,28.0,3.0,112283.83825092153
2022,13,2,3,52.0,3.0,34489.91161868482
2022,13,1,2,40.0,3.0,53483.39148764575
2022,32,1,4,50.0,1.0,108960.84711153031
2022,32,2,4,40.0,3.0,54147.026629620945
2022,13,1,1,40.0,3.0,31940.453164444014
2022,13,2,1,4.0,2.0,3765.875303343163
2022,13,1,5,56.0,2.0,86376.14890223845
2022,32,2,6,24.0,3.0,93475.31335924352
2022,32,1,5,8.0,3.0,28620.167504211888
2022,13,2,5,30.0,3.0,58456.309248032325
2022,13,1,4,10.0,3.0,27910.0457687894
2022,13,1,6,35.0,2.0,68379.77898623788
2022,32,1,6,40.0,3.0,155789.5105380048
2022,13,2,4,32.0,3.0,33970.58013740476
2022,32,2,3,36.0,3.0,61048.29069066737
2022,13,2,3,20.0,3.0,24231.824749535044
2022,32,1,5,50.0,1.0,169662.0684547329
2022,13,1,3,10.0,2.0,18141.110047778042
2022,32,1,3,46.0,3.0,88022.49715450028
2022,13,2,3,24.0,3.0,34510.555165315454
2022,32,1,6,43.0,2.0,129006.79206423636
2022,32,2,6,12.0,3.0,60787.14018524437
2022,32,1,4,50.0,1.0,136127.7620417172
2022,13,1,3,40.0,3.0,44504.85438833588
2022,13,2,3,30.0,3.0,25943.340117400654
2022,32,2,4,35.0,3.0,39746.20437342973
2022,13,1,3,52.0,2.0,42947.03378840243
2022,32,1,5,37.0,3.0,68262.70096722136
2022,32,1,4,70.0,2.0,85014.04651960863
2022,32,2,6,15.0,2.0,47996.53895326256
2022,13,2,4,12.0,2.0,15499.939448463092
2022,13,1,2,32.0,3.0,26516.609727019233
2022,13,1,1,50.0,3.0,35583.056710429155
2022,13,2,6,21.0,3.0,63888.88135798422
2022,13,2,5,40.0,3.0,51940.78816451081
2022,32,1,3,45.0,3.0,61030.24256480719
2022,32,1,3,20.0,3.0,29186.63709430261
2022,32,1,4,20.0,3.0,35603.759183586015
2022,13,1,6,45.0,1.0,165758.75900113408
2022,13,1,6,40.0,2.0,92862.93640474885
2022,32,1,6,40.0,2.0,125486.42338584033
2022,32,1,3,1.0,2.0,5140.960749963015
2022,13,2,5,36.0,3.0,53772.14904856042
2022,32,2,6,36.0,3.0,107148.43418673606
2022,13,2,5,40.0,3.0,56128.2744131726
2022,32,2,5,24.0,3.0,59703.948321329946
2022,13,1,4,40.0,3.0,52849.60806698889
2022,13,2,6,30.0,3.0,77645.66284610133
2022,13,2,6,28.0,3.0,55407.848799884916
2022,13,2,5,20.0,3.0,41830.04476502189
2022,32,1,5,21.0,3.0,56015.31554187385
2022,13,1,1,30.0,3.0,30938.33734263878
2022,32,2,5,32.0,3.0,57291.12449564509
2022,32,1,5,6.0,3.0,23104.847287447992
2022,13,2,4,36.0,3.0,32254.772126874348
2022,13,1,6,40.0,3.0,98054.80662874746
2022,32,2,6,4.0,3.0,26476.624326088495
2022,13,1,3,40.0,3.0,49044.10046727235
2022,13,1,5,72.0,2.0,100496.87687317941
2022,13,2,3,30.0,3.0,21197.929545996732
2022,13,2,4,40.0,3.0,51701.43160800466
2022,32,2,6,3.0,2.0,19147.977728609374
2022,32,1,4,999.0,3.0,491882.8812076471
2022,13,2,6,36.0,3.0,59546.63355631081
2022,32,2,6,40.0,3.0,103307.57456119166
2022,13,2,5,8.0,3.0,17204.579561057537
2022,13,1,2,40.0,3.0,52495.592621725365
2022,32,1,6,48.0,3.0,166932.04549044656
2022,32,1,3,6.0,2.0,10109.42149040664
2022,32,2,4,12.0,3.0,33286.31727970083
2022,13,1,4,40.0,3.0,42522.14783844554
2022,13,1,1,40.0,3.0,47104.09122601252
2022,13,2,6,20.0,3.0,41057.421487456835
2022,13,1,6,20.0,3.0,67499.03529839852
2022,13,2,5,30.0,3.0,38480.62433810182
2022,13,1,4,42.0,2.0,46327.32202986211
2022,32,1,6,30.0,2.0,93508.50917757854
2022,13,1,4,15.0,3.0,33561.0397037621
2022,13,2,4,6.0,2.0,7186.550509211404
2022,13,1,4,69.0,3.0,102263.50974974695
2022,32,1,4,45.0,3.0,108475.16594708926
2022,32,2,5,40.0,3.0,75469.6157354786
2022,32,2,5,12.0,2.0,25855.673696205424
2022,32,2,3,48.0,3.0,44085.393685342424
2022,13,1,6,45.0,3.0,108066.05714931953
2022,32,1,5,35.0,3.0,109885.01279374395
2022,13,1,6,50.0,2.0,103741.94299947735
2022,13,1,3,24.0,2.0,32440.226524441816
2022,13,2,2,15.0,3.0,22592.836502813483
2022,13,1,2,30.0,3.0,41681.477138220616
2022,13,2,3,8.0,3.0,13573.136114303714
2022,13,1,1,40.0,3.0,50349.94981310383
2022,13,1,1,40.0,3.0,38124.215287575054
2022,13,1,2,8.0,2.0,14284.871383340993
2022,32,2,5,20.0,3.0,40036.02170544916
2022,13,2,5,16.0,3.0,25856.08263832978
2022,32,2,6,45.0,3.0,116349.59296494178
2022,13,1,3,35.0,3.0,29824.004046139147
2022,13,1,6,50.0,3.0,125188.06403902017
2022,13,1,3,24.0,3.0,36280.62703470759
2022,13,1,3,50.0,3.0,40142.19692567061
2022,32,2,6,16.0,3.0,59195.89070940699
2022,13,1,1,6.0,2.0,10615.750965550207
2022,13,1,6,18.0,2.0,55310.1414610115
2022,13,2,5,18.0,3.0,37015.708984483506
2022,13,1,5,30.0,3.0,53737.65833436682
2022,13,1,3,45.0,3.0,46675.081340202385
2022,13,2,3,40.0,3.0,45540.34440760764
2022,13,2,3,56.0,2.0,41282.42330046312
2022,32,2,2,6.0,3.0,11895.945712266075
2022,13,2,4,6.0,2.0,11551.453661511056
2022,13,1,4,40.0,3.0,62412.289367628015
2022,13,2,5,42.0,3.0,47607.05818521173
2022,13,1,4,35.0,2.0,38932.15303875651
2022,32,1,6,27.0,3.0,97949.10615524637
2022,13,1,3,30.0,3.0,38071.96013141493
2022,32,2,5,48.0,2.0,76020.01393851434
2022,13,2,6,25.0,2.0,49710.85500533505
2022,32,2,4,999.0,3.0,508916.92167939787
2022,13,2,6,20.0,3.0,44785.977044744766
2022,32,1,6,999.0,2.0,838190.5398618168
2022,13,2,6,16.0,3.0,36739.26098585133
2022,13,1,6,30.0,3.0,73867.06873031687
2022,32,2,4,30.0,3.0,58913.3396595509
2022,32,1,3,15.0,2.0,26041.360085888362
2022,32,1,4,25.0,3.0,57042.02579687105
2022,13,2,6,9.0,3.0,37555.716561089605
2022,32,2,4,40.0,3.0,52600.65504708998
2023,32,1,4,10.0,3.0,55920.91370788165
2023,13,1,6,21.0,1.0,224934.83803622468
2023,32,2,4,36.0,3.0,163957.36439297374
2023,13,2,6,40.0,2.0,153546.9795316285
2023,13,2,6,20.0,3.0,106354.53823475172
2023,13,1,1,35.0,2.0,52522.322331752286
2023,13,2,6,6.0,3.0,56937.356381734884
2023,32,1,4,98.0,2.0,273903.41676192085
2023,32,2,6,81.0,2.0,318985.06213309563
2023,32,1,5,30.0,1.0,269899.0165754706
2023,32,2,3,12.0,1.0,43230.09116116179
2023,13,1,4,92.0,3.0,273318.0439454228
2023,13,2,2,40.0,3.0,89569.57403777752
2023,32,1,2,20.0,2.0,76622.57842363596
2023,13,1,6,18.0,3.0,149142.8837963505
2023,13,2,6,36.0,3.0,178211.76938143844
2023,13,2,2,40.0,3.0,93536.24270320393
2023,13,1,4,50.0,3.0,183309.45893303884
2023,13,2,1,48.0,3.0,101829.88511795632
2023,32,2,5,16.0,3.0,97317.44216665221
2023,32,2,6,24.0,2.0,150318.62684693254
2023,13,1,3,30.0,3.0,77181.608312382
2023,13,2,6,25.0,2.0,116288.24941897577
2023,13,1,3,56.0,3.0,147057.77686323615
2023,13,1,4,40.0,3.0,131473.85224736633
2023,32,2,6,40.0,2.0,130970.58197717187
2023,32,2,6,20.0,2.0,128356.65169887112
2023,32,2,5,12.0,2.0,72859.56820076128
2023,13,1,4,48.0,3.0,112171.895923459
2023,13,1,5,20.0,3.0,86142.59833574425
2023,13,2,6,25.0,3.0,103903.5126330285
2023,32,1,6,15.0,3.0,197718.52967923178
2023,13,1,5,30.0,2.0,114329.89665165878
2023,32,1,6,11.0,3.0,135410.98221212806
2023,13,1,6,9.0,2.0,80474.42577923687
2023,13,2,4,20.0,3.0,60301.019479845185
2023,13,1,3,84.0,2.0,94010.93501742191
2023,13,1,1,16.0,3.0,63703.29404051426
2023,13,1,1,24.0,3.0,81662.10588667139
2023,13,1,1,24.0,3.0,80917.89817969652
2023,13,1,1,40.0,3.0,72481.04193975909
2023,13,2,4,18.0,3.0,56413.36725667013
2023,32,2,6,20.0,3.0,170569.9721406111
2023,32,1,5,72.0,1.0,474870.73882974486
2023,13,2,6,12.0,2.0,68118.10387103025
2023,32,2,6,15.0,2.0,107001.98813303908
2023,13,2,6,8.0,2.0,52708.53053849036
2023,32,2,5,4.0,3.0,30784.7129421736
2023,32,1,3,4.0,2.0,20011.96887367887
2023,13,1,3,20.0,3.0,47701.762747606765
2023,13,1,4,30.0,3.0,91462.3088142808
2023,13,2,4,28.0,3.0,66577.28766193624
2023,13,1,3,48.0,3.0,123601.51005323658
2023,13,1,5,16.0,3.0,72515.47822605075
2023,32,1,4,20.0,3.0,92345.23282779357
2023,13,2,2,20.0,3.0,60377.549407585066
2023,13,1,3,40.0,3.0,92584.94153766296
2023,13,1,4,48.0,3.0,140844.41979999977
2023,13,1,1,40.0,3.0,85973.79873812951
2023,32,2,5,25.0,2.0,113448.18917940519
2023,32,2,4,50.0,3.0,195807.089868888
2023,32,1,6,78.0,1.0,680784.8714758266
2023,13,2,5,4.0,2.0,24637.109360621303
2023,13,2,3,16.0,2.0,44431.59188540977
2023,13,2,1,72.0,3.0,71990.38625934429
2023,13,2,6,40.0,3.0,187188.35608617743
2023,32,2,5,16.0,3.0,73986.32517259191
2023,32,1,4,40.0,3.0,184417.18114648902
2023,32,1,4,25.0,3.0,155616.66735404587
2023,13,1,4,36.0,3.0,87420.51881144084
2023,13,1,5,30.0,3.0,134382.11778494064
2023,13,2,3,12.0,3.0,28027.515177775826
2023,13,2,5,24.0,3.0,104872.15841463461
2023,13,1,4,40.0,3.0,139867.6136270462
2023,32,1,3,30.0,1.0,181879.01402626475
2023,32,2,6,1.0,2.0,17620.00701605295
2023,32,1,4,45.0,2.0,178204.8425837749
2023,13,2,3,7.0,2.0,24928.638925457504
2023,32,1,4,30.0,2.0,99197.01600426406
2023,32,1,3,28.0,3.0,82196.95399482091
2023,13,1,3,60.0,3.0,119652.56098252101
2023,13,2,6,30.0,2.0,134494.41924011408
2023,32,2,5,30.0,3.0,154080.55895815845
2023,32,1,3,33.0,2.0,94231.14103669363
2023,13,2,2,20.0,2.0,40631.16058651469
2023,13,2,5,20.0,2.0,72372.6244970592
2023,32,2,4,20.0,2.0,52032.236379365786
2023,13,1,4,24.0,2.0,73648.0667921047
2023,13,2,6,40.0,3.0,160839.54682486315
2023,13,1,3,12.0,3.0,41997.59763183489
2023,13,1,5,6.0,2.0,29837.347551932715
2023,32,1,5,28.0,2.0,157303.45651066434
2023,32,2,4,21.0,3.0,81402.99724482103
2023,13,1,6,70.0,3.0,372167.71779502375
2023,32,1,3,20.0,1.0,111418.13278608037
2023,13,1,4,48.0,3.0,119485.7483136543
2023,13,1,4,48.0,3.0,108514.68118936782
2023,13,2,6,10.0,2.0,66133.69762600661
2023,32,2,2,999.0,2.0,715076.7751135936
2023,32,2,6,15.0,3.0,136676.44119704954
2023,32,2,6,72.0,2.0,314107.32959841954
2023,32,2,3,6.0,3.0,42429.397347982966
2023,13,1,3,48.0,3.0,94954.33572977317
2023,13,1,4,60.0,3.0,213117.16619566342
2023,13,2,2,12.0,3.0,23702.563876113756
2023,32,2,6,10.0,3.0,78255.48057754597
2023,13,2,2,52.0,2.0,63327.72015071539
2023,13,2,6,30.0,3.0,150207.92799830783
2023,32,2,5,43.0,3.0,189729.42778022744
2023,13,1,1,25.0,3.0,55539.696919338734
2023,13,1,3,48.0,3.0,103902.08381468277
2023,13,2,5,20.0,3.0,61300.38301224192
2023,13,1,2,50.0,2.0,101971.66839229906
2023,13,2,5,15.0,2.0,50382.62949575066
2023,32,2,6,40.0,1.0,279730.8334752772
2023,32,1,6,55.0,1.0,475214.9903979266
2023,32,2,6,5.0,3.0,65742.38767988276
2023,13,1,2,40.0,3.0,118423.34808596577
2023,13,1,4,40.0,3.0,93444.98767113705
2023,32,2,4,5.0,2.0,31654.30500894483
2023,32,1,4,78.0,2.0,246436.23392242595
2023,32,1,3,40.0,1.0,219186.29799620033
2023,13,1,3,40.0,3.0,102883.07766363863
2023,13,2,5,56.0,1.0,230570.846962783
2023,32,1,3,15.0,3.0,75381.01614922327
2023,32,1,6,36.0,1.0,432626.2443931227
2023,32,1,5,18.0,3.0,98409.76050997585
2023,32,2,6,84.0,2.0,326407.8324032922
2023,13,2,5,35.0,3.0,130965.26439969713
2023,32,1,3,28.0,2.0,96181.62750264141
2023,32,2,5,44.0,3.0,231459.91989382307
2023,32,2,4,5.0,3.0,47038.02050081367
2023,13,1,5,24.0,3.0,87795.90488381273
2023,13,1,3,24.0,3.0,74476.5711878405
2023,13,2,3,16.0,3.0,37136.23005801685
2023,13,1,3,27.0,3.0,99608.20983061577
2023,13,1,3,18.0,2.0,30754.182719583187
2023,13,1,4,48.0,3.0,101236.77459691335
2023,13,1,6,20.0,3.0,173049.12187968142
2023,13,2,6,12.0,3.0,69283.23573834857
2023,13,2,6,20.0,3.0,118527.0423437034
2023,32,2,6,18.0,3.0,167139.8763891255
2023,13,2,3,12.0,3.0,30957.88488855289
2023,32,2,4,6.0,3.0,35383.95069451993
2023,32,2,5,11.0,3.0,89880.13113469262
2023,13,1,1,24.0,3.0,84159.87957983362
2023,13,2,4,15.0,1.0,86100.31288586016
2023,13,1,4,60.0,1.0,265039.0185448538
2023,13,2,6,30.0,3.0,120157.42611459714
2023,32,1,3,36.0,3.0,141431.76174377787
2023,32,1,5,32.0,3.0,196760.67984762034
2023,13,1,3,40.0,3.0,134512.02580043767
2023,13,1,5,32.0,3.0,119499.16942248071
2023,32,1,4,45.0,1.0,232326.50344119416
2023,13,2,2,3.0,3.0,13043.212718192124
2023,32,2,5,20.0,2.0,84952.35136268697
2023,32,1,3,32.0,3.0,149127.24897309515
2023,13,2,6,36.0,3.0,165126.77438378654
2024,32,1,6,8.0,3.0,347764.394908872
2024,32,2,3,37.0,3.0,249718.5095173399
2024,32,2,1,30.0,2.0,182777.1818528234
2024,13,2,5,50.0,3.0,378536.24983337446
2024,32,1,4,18.0,2.0,306204.2199114094
2024,32,2,6,43.0,3.0,842261.1670111561
2024,13,1,6,24.0,2.0,328457.6632612211
2024,13,2,6,4.0,2.0,107669.0754410431
2024,13,1,4,50.0,3.0,515440.9011693245
2024,13,2,2,32.0,3.0,251860.06236387457
2024,13,1,3,24.0,3.0,204523.57986454427
2024,13,2,6,45.0,3.0,557994.6988685876
2024,13,2,4,11.0,3.0,154995.6154314315
2024,32,1,4,7.0,2.0,164870.93191268985
2024,32,2,6,30.0,3.0,765827.190452522
2024,32,2,5,45.0,3.0,688278.3730435323
2024,32,2,5,31.0,3.0,318715.5382932651
2024,32,2,5,44.0,3.0,512073.5684215152
2024,13,2,6,44.0,3.0,624556.0048619636
2024,13,1,1,32.0,3.0,251845.4694682574
2024,32,1,4,20.0,1.0,266071.5330107967
2024,13,1,4,24.0,3.0,373129.3399847261
2024,13,1,3,24.0,3.0,286890.21203834785
2024,13,1,5,60.0,3.0,639060.660296093
2024,32,1,4,84.0,2.0,789305.1020518583
2024,32,2,6,65.0,2.0,881681.9234885812
2024,32,1,4,40.0,3.0,699276.3779941944
2024,32,2,4,36.0,3.0,510585.17448873154
2024,32,2,5,9.0,3.0,150995.84841712486
2024,13,2,6,18.0,2.0,306724.5825963875
2024,13,1,4,25.0,3.0,233238.6338529065
2024,13,1,3,40.0,3.0,413677.6738911041
2024,32,2,5,21.0,3.0,410618.24370430416
2024,13,1,1,40.0,3.0,363009.5738238811
2024,32,2,5,24.0,3.0,310160.43571892235
2024,32,1,6,18.0,3.0,677250.7698449428
2024,13,2,6,40.0,3.0,542573.5366748293
2024,13,2,5,20.0,3.0,218493.26075431897
2024,32,2,4,18.0,3.0,331224.52492279734
2024,13,2,5,30.0,1.0,509426.4232862083
2024,32,1,5,40.0,3.0,648603.8619419339
2024,13,1,4,36.0,3.0,341311.3420686825
2024,13,1,2,24.0,3.0,214697.2206642228
2024,32,2,5,28.0,3.0,472018.9245633923
2024,32,2,6,48.0,3.0,836652.7465360819
2024,32,2,4,36.0,3.0,515040.8683226457
2024,32,2,5,25.0,3.0,338318.8804125561
2024,13,1,4,45.0,3.0,316243.70066364016
2024,32,1,5,999.0,1.0,7954318.508832397
2024,32,2,4,12.0,3.0,252056.32353275578
2024,13,1,3,40.0,3.0,265791.8512489158
2024,13,2,4,6.0,3.0,109285.03260391271
2024,32,2,4,3.0,3.0,107025.20332631576
2024,32,2,6,48.0,3.0,683222.6593044437
2024,13,1,6,12.0,3.0,285625.20638318744
2024,13,2,6,48.0,2.0,565331.7772121669
2024,32,2,4,50.0,2.0,452364.4028416836
2024,13,2,6,25.0,3.0,436796.5101733842
2024,13,1,3,48.0,3.0,251410.0470065731
2024,32,2,4,40.0,3.0,541668.0920166037
2024,32,2,5,9.0,2.0,119807.45652276682
2024,13,1,3,42.0,2.0,280702.79490319546
2024,32,2,5,6.0,3.0,129053.57790582141
2024,32,1,6,999.0,3.0,8060572.985265801
2024,32,2,6,24.0,2.0,408668.3639056389
2024,32,2,4,25.0,3.0,383036.0967454444
2024,32,1,4,20.0,3.0,307712.53659574606
2024,13,2,3,30.0,3.0,279287.01253400196
2024,13,1,4,45.0,3.0,349308.0289057524
2024,13,1,4,42.0,3.0,435276.41788652784
2024,32,1,5,999.0,3.0,6358877.582058619
2024,13,1,6,54.0,2.0,647844.8711754775
2024,13,2,6,20.0,3.0,404263.00626124657
2024,13,1,3,40.0,3.0,401213.06061799155
2024,32,1,6,40.0,3.0,730936.3053892249
2024,13,1,3,28.0,3.0,212110.77152635765
2024,32,1,5,21.0,2.0,416151.5371914951
2024,13,1,5,40.0,3.0,457601.33924048295
2024,32,2,6,21.0,2.0,449315.9134612518
2024,32,1,6,45.0,3.0,1087082.0408334837
2024,13,1,3,30.0,3.0,288419.1590344389
2024,32,2,6,25.0,1.0,812659.3520103159
2024,13,2,4,56.0,2.0,276548.8815114934
2024,13,1,4,4.0,2.0,83094.6571429588
2024,13,1,2,48.0,3.0,340131.52078024927
2024,13,1,2,30.0,3.0,299344.93195147323
2024,13,2,3,24.0,2.0,97740.96335251543
2024,13,2,4,30.0,3.0,336689.80835848465
2024,13,1,3,50.0,3.0,344412.80995056184
2024,32,1,4,46.0,3.0,506247.2059463799
2024,32,1,5,50.0,3.0,980067.5347173542
2024,13,1,1,40.0,3.0,363772.01539835194
2024,13,2,5,30.0,3.0,265640.13410809514
2024,32,1,4,24.0,3.0,498692.620801448
2024,32,1,5,40.0,3.0,815335.1852807711
2024,32,1,6,40.0,1.0,1423181.199771077
2024,32,2,5,12.0,3.0,265855.9958965078
2024,32,2,6,1.0,3.0,63440.63881160478
2024,32,1,6,60.0,3.0,1425918.079457443
2024,13,2,5,12.0,3.0,176493.80425944997
2024,13,1,4,50.0,3.0,496157.356806565
2024,13,1,2,17.0,3.0,218255.69202631546
2024,13,1,3,43.0,3.0,384092.558379674
2024,32,1,5,6.0,3.0,175074.62985113185
2024,32,2,6,999.0,3.0,5707089.463152883
2024,13,1,6,44.0,1.0,865070.067028872
2024,32,1,6,999.0,3.0,6967295.929010075
2024,32,2,5,48.0,3.0,771257.7183553502
2024,32,2,5,10.0,2.0,134550.42013624386
2024,13,2,3,4.0,3.0,69321.38764130826
2024,32,2,4,80.0,2.0,633605.5469478196
2024,32,1,6,42.0,1.0,1209089.834349562
2024,13,2,5,30.0,3.0,282370.73731953587
2024,32,2,6,10.0,1.0,409345.61202223686
2024,32,1,6,68.0,1.0,1756296.0784957113
2024,13,2,4,40.0,3.0,334538.3879854566
2024,13,2,3,40.0,3.0,334634.7567283257
2025,13,1,4,16.0,3.0,467042.1494563799
2025,32,1,6,41.0,2.0,1384443.9481747148
2025,32,2,6,12.0,2.0,498692.31505633326
2025,32,2,6,20.0,2.0,656545.1360917074
2025,32,1,5,33.0,2.0,812540.7691193706
2025,13,2,6,25.0,2.0,580585.751132415
2025,13,2,4,10.0,2.0,188868.26012621715
2025,13,2,6,40.0,2.0,598024.8674601257
2025,13,1,3,40.0,3.0,464079.1596264338
2025,13,2,6,40.0,2.0,791080.9603455523
2025,32,1,4,24.0,3.0,800554.2994065152
2025,32,2,5,40.0,3.0,640491.7200591358
2025,32,2,5,10.0,2.0,340077.2255411788
2025,13,2,4,36.0,3.0,426741.1237009473
2025,13,2,5,40.0,1.0,998875.6209806523
2025,32,2,5,20.0,3.0,592477.4683761444
2025,13,1,1,10.0,2.0,139625.86125154278
2025,13,1,6,48.0,3.0,1095352.3039408687
2025,13,2,4,36.0,3.0,379249.1387955313
2025,13,1,6,60.0,3.0,1728845.2167087183
2025,13,1,3,40.0,3.0,424113.9995512981
2025,13,2,5,16.0,3.0,302747.9781801848
2025,13,1,3,24.0,3.0,473481.23749102204
2025,32,2,2,16.0,3.0,334709.2728629382
2025,32,2,3,40.0,3.0,708536.785867074
2025,32,1,5,40.0,3.0,1374598.6347639847
2025,32,2,5,6.0,3.0,212422.49566678394
2025,13,1,5,26.0,3.0,586129.4746179703
2025,13,1,3,32.0,3.0,479395.3797816629
2025,32,2,4,72.0,3.0,790538.8645875737
2025,32,2,5,54.0,3.0,1161230.6475792238
2025,32,2,4,10.0,2.0,269409.1004499775
2025,13,1,5,55.0,1.0,1550785.5596717473
2025,13,2,6,20.0,2.0,499332.8751313873
2025,32,2,4,30.0,2.0,495925.11639814486
2025,32,2,4,36.0,3.0,477723.8828017898
2025,32,1,3,8.0,3.0,193028.24810600086
2025,13,1,3,40.0,3.0,383968.78864054993
2025,13,2,3,6.0,2.0,95729.8616669306
2025,13,1,5,30.0,1.0,1045857.5610501895
2025,32,1,5,15.0,3.0,654079.9697068409
2025,13,1,5,8.0,3.0,271013.89252551796
2025,32,2,6,10.0,3.0,505295.2279555021
2025,13,1,5,50.0,3.0,951881.2519203081
2025,32,1,4,35.0,2.0,738072.0673851139
2025,13,1,3,32.0,3.0,436844.18199507194
2025,13,2,1,14.0,2.0,172809.16113500687
2025,13,2,6,35.0,3.0,855274.962697249
2025,13,2,6,5.0,2.0,160507.27462391873
2025,32,1,6,10.0,2.0,580492.9449442821
2025,32,1,6,18.0,2.0,701411.3078651972
2025,32,1,4,999.0,2.0,5641413.14915462
2025,13,2,5,21.0,3.0,475207.79957581044
2025,13,2,4,44.0,3.0,523554.7186056588
2025,13,1,4,36.0,3.0,423022.5091588875
2025,13,2,5,20.0,3.0,348641.42846402153
2025,13,1,4,40.0,3.0,484681.3480980009
2025,13,2,4,40.0,3.0,392576.8612787742
2025,32,1,6,17.0,3.0,1092020.9897540552
2025,32,1,6,22.0,1.0,1551167.0714186833
2025,32,2,5,30.0,3.0,551928.1549181773
2025,13,2,6,32.0,3.0,922847.2435212521
2025,32,1,3,30.0,2.0,565621.8371807919
2025,13,1,5,25.0,2.0,568437.6222463544
2025,32,1,6,30.0,3.0,1492845.0311336818
2025,13,2,5,40.0,3.0,524506.2658194508
2025,13,2,3,12.0,3.0,250289.3421514623
2025,32,2,6,27.0,3.0,735213.8111656063
2025,32,2,5,15.0,3.0,344412.4268574717
2025,13,1,5,35.0,2.0,599454.6109382368
2025,32,1,2,49.0,2.0,628212.3529875864
2025,13,1,4,27.0,3.0,441504.057081942
2025,13,2,6,44.0,2.0,725661.060772158
2025,13,1,3,12.0,2.0,202792.80020136296
2025,13,1,2,28.0,2.0,354204.89210861316
2025,13,2,1,28.0,2.0,255996.48606479054
2025,13,2,6,9.0,3.0,386830.3317962031
2025,13,1,1,50.0,3.0,483605.4444078323
2025,13,2,6,23.0,3.0,704689.3092090037
2025,13,1,4,45.0,3.0,522169.39833246166
2025,32,1,5,8.0,3.0,305296.7367285946
